Finnish Team Found Out The Composition of Asteroid Phaethon,Johanna Pellinen,Mathematics and Science,28-11-2023,https://www.helsinki.fi/en/news/space/finnish-team-found-out-composition-asteroid-phaethon
Finnish Team Found Out The Composition of Asteroid Phaethon,Johanna Pellinen,Space,28-11-2023,https://www.helsinki.fi/en/news/space/finnish-team-found-out-composition-asteroid-phaethon
The police was called to move an unauthorised event away from the University’s Main Building,University of Helsinki,Higher Education,17-11-2023,https://www.helsinki.fi/en/news/higher-education-policy/police-was-called-move-unauthorised-event-away-universitys-main-building
The police was called to move an unauthorised event away from the University’s Main Building,University of Helsinki,Policy,17-11-2023,https://www.helsinki.fi/en/news/higher-education-policy/police-was-called-move-unauthorised-event-away-universitys-main-building
New study finds 92% of the priority habitat for protecting endangered land mammals is currently unprotected,University of Helsinki-Natural History Museum,Enviromental Protection,21-11-2023,https://www.helsinki.fi/en/news/environmental-protection/new-study-finds-92-priority-habitat-protecting-endangered-land-mammals-currently-unprotected
New study finds 92% of the priority habitat for protecting endangered land mammals is currently unprotected,University of Helsinki-Natural History Museum,Biodiversity Loss,21-11-2023,https://www.helsinki.fi/en/news/environmental-protection/new-study-finds-92-priority-habitat-protecting-endangered-land-mammals-currently-unprotected
Climate predictions require increasingly accurate information on atmospheric particles,University of Helsinki,Climate Change,10-11-2023,https://www.helsinki.fi/en/news/climate-change/climate-predictions-require-increasingly-accurate-information-atmospheric-particles
Climate predictions require increasingly accurate information on atmospheric particles,University of Helsinki,Sustainability Transformation,10-11-2023,https://www.helsinki.fi/en/news/climate-change/climate-predictions-require-increasingly-accurate-information-atmospheric-particles
Climate predictions require increasingly accurate information on atmospheric particles,University of Helsinki,University of Helsinki,10-11-2023,https://www.helsinki.fi/en/news/climate-change/climate-predictions-require-increasingly-accurate-information-atmospheric-particles
Ten University of Helsinki researchers among the most cited 1% in their respective fields,University of Helsinki,University of Helsinki,15-11-2023,https://www.helsinki.fi/en/news/healthier-world/ten-university-helsinki-researchers-among-most-cited-1-their-respective-fields
Ten University of Helsinki researchers among the most cited 1% in their respective fields,University of Helsinki,Mathematics and Science,15-11-2023,https://www.helsinki.fi/en/news/healthier-world/ten-university-helsinki-researchers-among-most-cited-1-their-respective-fields
University of Helsinki Open Science Award to multidisciplinary Helsinki Urban Rat Project,Tiina Käkelä,Life Sciences,26-10-2023,https://www.helsinki.fi/en/news/library/university-helsinki-open-science-award-multidisciplinary-helsinki-urban-rat-project
University of Helsinki Open Science Award to multidisciplinary Helsinki Urban Rat Project,Tiina Käkelä,University of Helsinki,26-10-2023,https://www.helsinki.fi/en/news/library/university-helsinki-open-science-award-multidisciplinary-helsinki-urban-rat-project
GLOBALink | Finnish meat producer Atria applauds poultry exports to China,Xinhua,Policy,29-11-2023,http://www.chinaview.cn/20231129/94eba1e722f44a588891889f030f3c8b/c.html
GLOBALink | Finnish meat producer Atria applauds poultry exports to China,Xinhua,Finland,29-11-2023,http://www.chinaview.cn/20231129/94eba1e722f44a588891889f030f3c8b/c.html
Finland plans to close its entire border with Russia over migration concerns,The Independent,Policy,29-11-2023,https://www.msn.com/en-gb/news/world/finland-plans-to-close-its-entire-border-with-russia-over-migration-concerns/ar-AA1kHzTQ
Finland plans to close its entire border with Russia over migration concerns,The Independent,Finland,29-11-2023,https://www.msn.com/en-gb/news/world/finland-plans-to-close-its-entire-border-with-russia-over-migration-concerns/ar-AA1kHzTQ
Beer is the best summertime beverage – Hard seltzer's popularity on the rise,Helsinki Times,Food,10-07-2023,https://www.helsinkitimes.fi/eat-and-drink/23871-beer-is-the-best-summertime-beverage-hard-seltzer-s-popularity-on-the-rise.html
Beer is the best summertime beverage – Hard seltzer's popularity on the rise,Helsinki Times,Finland,10-07-2023,https://www.helsinkitimes.fi/eat-and-drink/23871-beer-is-the-best-summertime-beverage-hard-seltzer-s-popularity-on-the-rise.html
Strike Leaves Snowy Roads Unplowed in Helsinki,Editorial Team,Weather,29-11-2023,https://finlandtoday.fi/strike-leaves-snowy-roads-unplowed-in-helsinki/
Strike Leaves Snowy Roads Unplowed in Helsinki,Editorial Team,Helsinki,29-11-2023,https://finlandtoday.fi/strike-leaves-snowy-roads-unplowed-in-helsinki/
More Than Two Months of Disruption to Part of the East Helsinki Metro Line,Editorial Team,Traffic,01-11-2023,https://finlandtoday.fi/more-than-two-months-of-disruption-to-part-of-the-east-helsinki-metro-line/
More Than Two Months of Disruption to Part of the East Helsinki Metro Line,Editorial Team,Helsinki,01-11-2023,https://finlandtoday.fi/more-than-two-months-of-disruption-to-part-of-the-east-helsinki-metro-line/
Popular Little Finlandia May Become a Temporary Home for Daycare Centers and Schools,Editorial Team,Business,21-10-2023,https://finlandtoday.fi/popular-little-finlandia-may-become-a-temporary-home-for-daycare-centers-and-schools/
Popular Little Finlandia May Become a Temporary Home for Daycare Centers and Schools,Editorial Team,Helsinki,21-10-2023,https://finlandtoday.fi/popular-little-finlandia-may-become-a-temporary-home-for-daycare-centers-and-schools/
University of Helsinki Open Science Award to multidisciplinary Helsinki Urban Rat Project,Tiina Käkelä,Library,26-10-2023,https://www.helsinki.fi/en/news/library/university-helsinki-open-science-award-multidisciplinary-helsinki-urban-rat-project
University of Helsinki Open Science Award to multidisciplinary Helsinki Urban Rat Project,Tiina Käkelä,Life Sciences,26-10-2023,https://www.helsinki.fi/en/news/library/university-helsinki-open-science-award-multidisciplinary-helsinki-urban-rat-project
University of Helsinki Open Science Award to multidisciplinary Helsinki Urban Rat Project,Tiina Käkelä,University of Helsinki,26-10-2023,https://www.helsinki.fi/en/news/library/university-helsinki-open-science-award-multidisciplinary-helsinki-urban-rat-project
Northern peatlands are still expanding,University of Helsinki,Climate Change,09-11-2023,https://www.helsinki.fi/en/news/climate-change/northern-peatlands-are-still-expanding
Owner personality and mental wellbeing associated with human–pet attachment,University of Helsinki,Animals,27-11-2023,https://www.helsinki.fi/en/news/animals/owner-personality-and-mental-wellbeing-associated-human-pet-attachment
Owner personality and mental wellbeing associated with human–pet attachment,University of Helsinki,Life Sciences,27-11-2023,https://www.helsinki.fi/en/news/animals/owner-personality-and-mental-wellbeing-associated-human-pet-attachment
Digital administration turns citizens into quality controllers,Petter Gröning,Democracy,23-11-2023,https://www.helsinki.fi/en/news/democracy/digital-administration-turns-citizens-quality-controllers
Digital administration turns citizens into quality controllers,Petter Gröning,Artificial Intelligence,23-11-2023,https://www.helsinki.fi/en/news/democracy/digital-administration-turns-citizens-quality-controllers